chip_id,country,cluster
g10_00166_18,estonia,2
g0_00031_18,luxembourg,0
g14-1_00152_5,finland,0
g26_00059_1,latvia,1
g8_00087_10,lithuania,1
g2_00013_11,slovakia,0
g22_00047_6,denmark,2
g0_00040_1,luxembourg,0
g13-5_00057_8,sweden,0
g2_00044_1,slovakia,2
g0_00028_7,luxembourg,0
g8_0000001536-0000000512,portugal,1
g15-1_00124_8,finland,1
g212_00016_15,france,0
g10_00137_18,estonia,0
g7_00039_11,spain,0
g1_00013_0,germany,2
g212_00011_12,france,0
g10_00047_0,estonia,1
g8_00111_10,lithuania,0
g3_0000001536-0000009728,kenya,1
g83_00052_14,austria,0
g15_00182_7,estonia,1
g2_00079_2,slovakia,2
g15-1_00127_9,finland,1
g11_00106_2,lithuania,0
g13-5_00021_6,sweden,2
g16_00019_1,netherlands,0
g165_00067_14,france,0
g13-5_00040_17,sweden,0
g8_00115_8,lithuania,0
g11_00009_3,lithuania,0
g13_00032_7,slovenia,1
g2_0000009216-0000012288,brazil,2
g2_1711,india,1
g21_00046_5,slovakia,2
g11_00005_13,lithuania,2
g13-5_00102_3,sweden,0
g23_00012_2,netherlands,1
g15-1_00139_1,finland,0
g2_00039_12,slovakia,2
g2_0000008704-0000010752,brazil,2
g2_00056_3,slovakia,2
g2_0000027648-0000006144,brazil,2
g212_00027_8,france,0
g6_00011_10,denmark,2
g212_00014_4,france,0
g212_00043_2,france,0
g25_00006_8,latvia,0
g10-3_00023_1,croatia,0
g6_00040_7,denmark,2
g4_00031_1,spain,0
g11_00037_2,lithuania,0
g1_00012_9,south_africa,2
g21_00071_7,slovakia,2
g22_00018_7,denmark,2
1592705,rwanda,1
g14-1_00042_3,finland,0
g2_00074_18,slovakia,2
g4_00022_18,spain,0
g23_00096_11,netherlands,1
g10-3_00086_2,croatia,1
g11_00111_13,lithuania,0
g25_00045_3,latvia,1
g10-3_00078_16,croatia,0
g16_00047_6,netherlands,0
g21_00063_12,slovakia,2
g1_00032_3,spain,0
g6-0_00041_10,sweden,2
g11_00037_10,lithuania,0
g2_0000002048-0000014336,brazil,2
g10-3_00065_11,croatia,0
g2_0000016896-0000005120,brazil,2
g2_00005_17,germany,0
g95_00031_9,austria,0
g2_00009_1,south_africa,2
g2_00043_9,belgium,0
g77_00030_1,austria,0
g77_00037_14,austria,0
g3_00008_2,south_africa,2
g1_0000000000-0000000512,portugal,0
g10_0000007680-0000002048,kenya,1
g1_00020_3,spain,0
g0_00025_4,luxembourg,0
g19_00013_7,latvia,0
g21_00021_15,slovakia,1
g165_00096_3,france,0
g6_00012_8,slovenia,0
g2_00092_6,slovakia,2
g0_00031_2,luxembourg,0
g13-5_00127_4,sweden,0
g2_0000005632-0000011776,brazil,2
g22_00053_7,denmark,2
g1_00011_13,germany,0
g2_00070_7,slovakia,0
g10_00051_8,estonia,1
g1_0000004096-0000003584,brazil,1
g16_00059_6,netherlands,1
g212_00018_13,france,0
g21_00012_13,slovakia,1
g2_00015_4,germany,2
g8_00064_7,lithuania,0
g14-2_00013_17,croatia,0
g22_00024_12,denmark,2
g15_00110_0,estonia,1
g94_00011_17,austria,0
g27_0000001024-0000000000,vietnam,0
g82_00033_0,austria,0
g82_00017_6,austria,0
g212_00045_16,france,0
g11_00128_17,lithuania,0
g14-1_00032_14,finland,0
g77_00019_5,austria,0
g79_00048_3,austria,0
g21_00059_13,slovakia,0
g6-0_00087_5,sweden,0
g165_00066_1,france,0
g2_00026_18,slovakia,2
g13_00044_1,slovenia,0
g15-1_00037_15,finland,1
g0_0998,india,1
g26_00041_13,latvia,0
g212_00041_3,france,1
g0_00026_15,luxembourg,0
g22_00006_1,denmark,2
g15-1_00123_9,finland,1
g2_00013_1,germany,0
g0_00014_5,luxembourg,0
g15-1_00066_5,finland,0
g25_00009_8,latvia,1
g212_00014_16,france,0
g15-1_00147_14,finland,1
g10-3_00024_1,croatia,0
g2_00062_5,slovakia,0
g26_00003_16,latvia,0
g21_00096_6,slovakia,0
g2_00025_6,belgium,0
g212_00094_10,france,0
g21_00016_13,slovakia,1
g41_00022_0,latvia,2
g10-3_00034_9,croatia,0
g8_00033_2,lithuania,0
g6_00018_7,denmark,2
g11_00022_7,lithuania,1
g95_00038_9,austria,0
g212_00047_9,france,0
g14-1_00029_14,finland,0
g56_0000000000-0000000512,vietnam,0
g10-3_00023_2,croatia,0
g16_00053_17,netherlands,0
g4_00027_10,spain,0
g23_00003_16,netherlands,1
g22_00083_0,denmark,2
g6_00007_10,belgium,0
g10-3_00088_16,croatia,0
g23_00013_8,netherlands,1
g212_00073_17,france,0
g13-5_00082_8,sweden,0
g29_0000000512-0000000000,vietnam,0
g8_00097_9,lithuania,0
g16_00038_15,netherlands,1
g21_00039_5,slovakia,2
g23_00100_12,netherlands,0
g3_1251,india,1
g78_00031_3,austria,1
g56_0000000512-0000000512,vietnam,0
g165_00099_11,france,0
g165_00040_15,france,1
g10_00115_1,estonia,1
g31_00039_17,latvia,0
g23_00014_17,netherlands,1
g15-1_00067_2,finland,0
g165_00050_15,france,0
g31_00006_3,latvia,0
g82_00046_9,austria,0
g1_0000002560-0000004096,brazil,1
g15_00061_8,estonia,1
g1_00020_18,spain,0
g2_1661,india,1
g2_0000023040-0000011264,brazil,2
g13-5_00117_6,sweden,0
g10_00060_11,estonia,1
g94_00036_0,austria,0
g10-3_00054_9,croatia,0
g1_00025_3,spain,0
g14-1_00093_17,finland,0
g165_00080_15,france,0
g165_00079_14,france,0
g6-0_00040_0,sweden,0
g212_00073_13,france,0
g83_00021_13,austria,0
g41_00056_9,latvia,0
g21_00010_3,slovakia,0
g14-1_00066_7,finland,0
g1_00035_15,spain,0
g14-1_00116_11,finland,0
g212_00071_5,france,2
g21_00026_1,slovakia,1
g212_00037_12,france,0
g2_00016_8,belgium,0
g15-1_00013_10,finland,1
g50_00059_7,latvia,1
g50_00013_2,latvia,0
g212_00066_10,france,0
g95_00039_14,austria,0
g13-5_00027_3,sweden,0
g212_00066_18,france,0
g10-3_00088_9,croatia,0
g77_00035_14,austria,0
g212_00064_18,france,0
g2_00022_4,belgium,0
g0_00026_8,luxembourg,0
g2_00011_11,germany,0
g6_00030_11,belgium,0
g165_00021_18,france,0
g14-2_00084_16,croatia,0
g15_00016_7,estonia,0
g23_00012_15,netherlands,1
g4_00012_7,spain,0
g94_00021_8,austria,1
g6_00019_1,denmark,2
g14-1_00093_2,finland,0
g79_00023_2,austria,0
g0_1334,india,1
g6_00042_2,belgium,0
g13-5_00038_18,sweden,0
g2_00016_7,slovakia,2
g6_00049_13,slovenia,1
g14-1_00118_0,finland,0
g0_0097,india,1
g6-0_00015_13,sweden,0
g2_00054_11,belgium,0
g6-0_00035_11,sweden,0
g6_00078_7,denmark,2
g13_00033_8,slovenia,0
g22_00087_3,denmark,2
g3_00017_8,spain,0
g19_00052_10,latvia,0
g16_00091_13,netherlands,1
g10_00021_6,estonia,2
g14-1_00146_12,finland,0
g15_00104_16,estonia,0
g13-5_00099_12,sweden,0
g13_00006_18,slovenia,0
g0_0000000512-0000000512,portugal,0
g11_00104_15,lithuania,0
g10_00069_8,estonia,1
g6_00047_14,belgium,0
1592791,rwanda,0
g15-1_00071_10,finland,0
g77_00022_2,austria,1
g2_00093_12,slovakia,1
g2_00026_1,belgium,0
g6_00004_1,slovenia,1
g83_00006_13,austria,0
g15_00041_13,estonia,1
g14-2_00037_10,croatia,0
g4_00028_5,spain,0
g41_00032_11,latvia,1
g3_00011_17,south_africa,0
g2_00016_0,belgium,1
g10-3_00018_17,croatia,0
1592789,rwanda,0
g13-5_00070_16,sweden,2
g1_0000000512-0000002048,vietnam,0
g6-0_00078_18,sweden,0
g0_00022_15,luxembourg,0
g3_0573,india,1
g0_00008_3,luxembourg,0
g83_00051_16,austria,0
g6_00050_14,denmark,2
g14-1_00027_3,finland,0
g11_00016_7,lithuania,0
g13-5_00124_16,sweden,1
g23_00071_13,netherlands,0
g0_00036_15,luxembourg,0
g1_0000001024-0000000512,portugal,0
g2_1473,india,1
g41_00023_13,latvia,0
g3_00013_4,south_africa,2
g22_00048_14,denmark,2
g43_0000000512-0000001024,vietnam,0
g15_00104_1,estonia,0
g83_00012_15,austria,0
g14-1_00012_4,finland,0
g14-2_00022_7,croatia,1
g1_00005_8,south_africa,0
g77_00038_8,austria,0
g16_00071_8,netherlands,0
g2_0000007680-0000003072,brazil,2
g1_0000000512-0000000000,portugal,0
g14-1_00107_17,finland,0
g8_00112_8,lithuania,1
g21_00030_16,slovakia,2
1592618,rwanda,0
g50_00055_2,latvia,1
g13_00049_9,slovenia,0
g21_00009_1,slovakia,0
g13-5_00033_10,sweden,0
g11_00028_0,lithuania,0
g15-1_00054_13,finland,0
g0_00043_9,luxembourg,1
1592799,rwanda,0
g3_00004_4,spain,0
g50_00030_3,latvia,0
g14-1_00071_10,finland,0
g50_00035_0,latvia,2
g25_00057_14,latvia,2
g1_0000001024-0000003072,brazil,2
g15-1_00004_2,finland,0
g19_00059_0,latvia,1
g2_00068_14,slovakia,2
g16_00038_10,netherlands,1
g3_00027_7,spain,0
g11_00100_0,lithuania,1
g2_1398,india,1
g2_0000011264-0000008704,brazil,2
g25_00050_2,latvia,2
g21_00057_9,slovakia,2
g0_00029_7,luxembourg,0
g10_00040_13,estonia,0
g165_00082_16,france,0
g14-1_00021_15,finland,0
g14-2_00014_10,croatia,0
g6_00097_13,denmark,2
g22_00057_13,denmark,2
g13-5_00028_12,sweden,1
g10-3_00015_12,croatia,0
g2_00030_12,slovakia,2
g23_00035_18,netherlands,0
g2_0069,india,1
g23_00082_3,netherlands,1
g14-1_00055_7,finland,1
g21_00027_17,slovakia,1
g19_00004_16,latvia,0
g0_00002_1,luxembourg,0
g22_00003_0,denmark,2
g2_1851,india,1
g10-3_00063_6,croatia,0
g13-5_00129_1,sweden,2
g212_00067_3,france,2
g2_00017_4,germany,0
g1_00004_13,spain,0
g11_00065_5,lithuania,0
g2_00017_15,germany,0
g7_00022_13,spain,0
g15-1_00089_8,finland,0
g14-1_00082_13,finland,0
g15_00071_6,estonia,0
g13-5_00062_4,sweden,0
g8_00035_12,lithuania,1
g8_00120_9,lithuania,0
g31_00036_6,latvia,0
g95_00054_11,austria,0
g6-0_00109_17,sweden,2
g0_1032,india,1
g8_00121_1,lithuania,1
g8_00029_3,lithuania,0
g13_00026_1,slovenia,0
g14-2_00061_4,croatia,0
g2_00004_9,germany,0
g14-2_00034_16,croatia,0
g77_00015_15,austria,0
g165_00096_10,france,0
g1_00012_1,south_africa,2
g10-3_00076_8,croatia,0
g165_00002_12,france,0
g94_00048_13,austria,0
g6_00024_0,belgium,1
g82_00047_6,austria,1
g24_0000001024-0000001024,vietnam,0
g15-1_00071_18,finland,0
g4_00045_2,spain,0
g94_00004_16,austria,0
g2_00039_16,slovakia,2
g21_00024_15,slovakia,1
g21_00083_12,slovakia,2
g8_00027_3,lithuania,0
g13_00015_16,slovenia,1
g7_00044_5,spain,0
g212_00035_12,france,0
g10_00015_11,estonia,1
g16_00042_3,netherlands,0
g2_0000004096-0000006656,brazil,2
g14-1_00099_1,finland,0
g2_00029_14,slovakia,0
g26_00024_12,latvia,2
g50_00065_1,latvia,1
g7_00016_5,spain,0
g2_00001_7,south_africa,2
g1_00003_1,south_africa,2
g6_00011_5,belgium,0
g2_00005_6,slovakia,1
g2_00008_11,belgium,0
g7_00040_15,spain,0
g79_00022_0,austria,1
g2_0000000512-0000008704,brazil,2
g8_00112_5,lithuania,1
g25_00056_11,latvia,0
g15-1_00086_5,finland,0
g6-0_00005_4,sweden,0
g1_00018_7,spain,0
g8_00109_0,lithuania,1
g6_00038_6,belgium,0
g3_1652,india,1
g1_00012_12,germany,2
g6_00032_16,slovenia,0
g8_00116_5,lithuania,0
g2_0000023040-0000008704,brazil,1
g6_00104_9,denmark,2
g24_0000000000-0000000512,vietnam,0
g0_0000002048-0000001024,vietnam,0
g6-0_00071_3,sweden,0
g15_00176_4,estonia,1
g14-1_00038_0,finland,0
g6_00004_14,denmark,2
g165_00087_11,france,0
g15_00046_17,estonia,0
g1_00023_5,spain,0
g15_00006_2,estonia,2
g0_00005_11,luxembourg,0
g8_00070_4,lithuania,0
g13-5_00099_14,sweden,0
g165_00042_5,france,0
g6_00045_8,belgium,0
1592642,rwanda,1
g55_0000000000-0000000512,vietnam,0
g16_00012_12,netherlands,0
g0_00037_5,luxembourg,1
g22_00086_12,denmark,2
g15_00030_16,estonia,0
g6-0_00097_17,sweden,0
g41_00019_13,latvia,0
g212_00043_13,france,1
g6_00083_1,denmark,2
g26_00029_5,latvia,0
g15-1_00048_5,finland,0
g2_00071_1,slovakia,2
g82_00031_7,austria,0
g21_00062_10,slovakia,2
g3_00012_11,south_africa,0
g22_00044_17,denmark,2
g3_0000013824-0000005632,kenya,1
g14-1_00152_6,finland,0
g10-3_00007_8,croatia,0
g2_1800,india,1
g41_00028_9,latvia,1
g165_00070_5,france,0
g16_00055_4,netherlands,0
g50_00019_7,latvia,0
g6-0_00091_16,sweden,1
g95_00035_18,austria,0
g2_00008_7,south_africa,2
g165_00101_4,france,0
g83_00034_7,austria,0
g3_00009_13,south_africa,2
g23_00086_10,netherlands,0
g50_00018_11,latvia,1
g6-0_00093_4,sweden,1
g22_00055_4,denmark,2
g2_00049_1,belgium,0
g6_00004_14,slovenia,1
g6_00044_7,belgium,0
g31_00035_4,latvia,0
g10_00076_13,estonia,1
g14-1_00146_16,finland,0
g19_00007_0,latvia,0
g10_00073_0,estonia,1
g11_00130_3,lithuania,0
g15-1_00077_0,finland,2
g2_00046_4,belgium,0
g48_0000000512-0000000000,vietnam,0
g6-0_00101_15,sweden,2
1592606,rwanda,1
g13-5_00007_8,sweden,0
g15-1_00139_2,finland,0
g0_1870,india,1
g10-3_00054_8,croatia,0
g19_00042_4,latvia,1
g15-1_00068_18,finland,0
g6_00053_3,denmark,2
g26_00040_10,latvia,2
g15_00151_17,estonia,1
g0_00004_7,luxembourg,0
g2_00086_13,slovakia,2
g23_00068_10,netherlands,0
g31_00062_15,latvia,1
g212_00054_11,france,0
g4_00026_13,spain,0
g23_00026_9,netherlands,1
g15_00024_6,estonia,1
g22_00053_2,denmark,2
g2_00008_4,south_africa,0
g6_00031_17,belgium,0
g0_0000002048-0000000000,vietnam,0
g11_00069_7,lithuania,1
g16_00071_4,netherlands,0
g3_0000004096-0000002560,brazil,2
g1_0730,india,1
g14-1_00080_13,finland,1
g94_00040_1,austria,0
g10_00130_6,estonia,1
g95_00014_16,austria,0
g15-1_00028_5,finland,1
g13_00043_17,slovenia,0
g14-2_00080_12,croatia,0
g0_00027_10,luxembourg,0
g8_00027_12,lithuania,0
g2_00010_5,belgium,0
g8_00084_16,lithuania,0
g31_00003_14,latvia,0
g6_00016_3,denmark,2
g212_00056_12,france,0
g11_00051_11,lithuania,0
g10_00035_2,estonia,1
g0_00019_15,luxembourg,0
1592737,rwanda,0
g165_00006_13,france,0
g21_00036_17,slovakia,2
g16_00025_14,netherlands,1
g3_00008_10,south_africa,0
g6_00027_4,belgium,0
g15_00055_14,estonia,1
g21_00044_3,slovakia,1
g6-0_00102_18,sweden,0
g212_00005_8,france,0
g6-0_00110_18,sweden,0
g10-3_00058_8,croatia,0
g16_00011_6,netherlands,0
g10_00111_8,estonia,0
g6-0_00019_5,sweden,1
g6-0_00044_5,sweden,0
g2_00073_3,slovakia,2
g26_00052_18,latvia,0
g11_00089_2,lithuania,0
g11_00138_3,lithuania,0
g0_00032_5,luxembourg,0
g78_00040_17,austria,1
g95_00039_16,austria,0
g14-2_00024_4,croatia,0
g8_00056_5,lithuania,0
g13-5_00131_8,sweden,0
g4_00029_8,spain,0
g6_00025_4,slovenia,1
g3_00027_3,spain,0
g23_00062_15,netherlands,1
g0_00045_10,luxembourg,0
g4_0000009728-0000003072,brazil,2
g0_0032,india,1
g1_00013_7,germany,2
g2_00008_4,slovakia,0
g6_00065_9,slovenia,1
g21_00074_1,slovakia,2
g4_00009_5,spain,0
g2_0000020480-0000009728,brazil,2
g13-5_00114_13,sweden,0
g13-5_00092_1,sweden,0
g10_00166_12,estonia,0
g2_0000017408-0000012800,brazil,2
g13_00052_14,slovenia,1
g21_00064_13,slovakia,2
g78_00007_5,austria,1
g11_00005_10,lithuania,0
g10-3_00068_12,croatia,0
g78_00052_12,austria,0
g11_00124_15,lithuania,0
g14-1_00138_11,finland,0
g1_0000009728-0000001024,brazil,2
g22_00078_8,denmark,2
g6_00071_1,denmark,2
g2_00007_1,belgium,0
g0_0265,india,1
g31_00045_8,latvia,0
g23_00062_13,netherlands,1
g14-1_00083_14,finland,0
g0_1550,india,1
g22_00012_11,denmark,2
g0_1784,india,1
g2_00013_0,belgium,0
g13_00040_10,slovenia,0
g13-5_00026_2,sweden,0
g13_00048_6,slovenia,0
g15-1_00094_18,finland,0
g212_00034_16,france,0
g10_00085_0,estonia,0
g6_00007_12,denmark,2
g15-1_00093_11,finland,0
g2_00096_14,slovakia,2
g13-5_00014_11,sweden,1
g6-0_00098_10,sweden,1
g14-1_00053_17,finland,0
g79_00028_12,austria,0
g83_00021_12,austria,0
g79_00030_14,austria,1
g13_00039_4,slovenia,0
g4_00020_12,spain,0
g2_00008_2,south_africa,0
g0_00026_3,luxembourg,0
g2_00053_9,belgium,0
g2_1940,india,1
g0_0000001024-0000000000,portugal,1
g95_00047_10,austria,0
g6-0_00111_14,sweden,0
g6_00003_16,denmark,2
g31_00060_18,latvia,0
g10-3_00059_3,croatia,0
g8_00141_17,lithuania,1
g83_00019_18,austria,0
g14-2_00041_18,croatia,0
g25_00042_12,latvia,1
g77_00034_1,austria,0
g10-3_00036_7,croatia,0
g21_00044_8,slovakia,2
g21_00092_4,slovakia,1
g16_00021_2,netherlands,0
g83_00020_4,austria,0
g10_00095_8,estonia,1
g2_00008_11,germany,0
g13-5_00119_11,sweden,0
g11_00054_8,lithuania,2
g94_00007_3,austria,0
g19_00040_16,latvia,1
g2_00071_9,slovakia,2
g6_00018_8,belgium,0
g0_00003_1,luxembourg,0
g10_00034_4,estonia,1
g10-3_00016_1,croatia,0
g6_00037_18,belgium,0
g15-1_00015_5,finland,0
g10_00102_15,estonia,2
g4_00029_7,spain,0
g15_00087_12,estonia,0
g55_0000000000-0000000000,vietnam,0
g2_0000003584-0000002560,brazil,2
g212_00057_2,france,0
g77_00039_11,austria,0
g4_00030_10,spain,0
g15_00176_14,estonia,0
g21_00021_18,slovakia,0
g3_0000004608-0000000512,kenya,1
g11_00025_11,lithuania,1
g8_00015_11,lithuania,0
g14-1_00087_16,finland,0
g0_00015_8,luxembourg,0
g13_00041_0,slovenia,0
g15-1_00088_17,finland,1
g82_00010_2,austria,0
g2_00039_11,slovakia,2
g13_00015_8,slovenia,0
g23_00030_4,netherlands,0
g6-0_00035_3,sweden,2
g6_00076_4,denmark,2
g14-2_00031_0,croatia,0
g15_00015_4,estonia,0
g1_00009_2,germany,0
g14-2_00052_16,croatia,0
g2_00007_7,south_africa,2
g14-2_00057_0,croatia,0
g4_00032_18,spain,0
g22_00069_11,denmark,2
g6-0_00085_5,sweden,0
g10_00141_8,estonia,1
g14-2_00087_3,croatia,0
g8_00077_12,lithuania,1
g2_00003_15,slovakia,2
g6_00045_2,slovenia,0
g79_00034_15,austria,0
1592589,rwanda,0
g14-2_00061_0,croatia,0
g10_00023_12,estonia,0
g13-5_00069_9,sweden,2
g21_00107_2,slovakia,1
g165_00094_17,france,1
g3_00011_2,south_africa,2
g15-1_00086_1,finland,1
g78_00052_3,austria,0
g0_0528,india,1
g8_00033_1,lithuania,2
g21_00082_5,slovakia,2
g165_00042_0,france,0
g165_00079_10,france,2
g165_00072_7,france,0
g3_00008_0,south_africa,2
g2_00091_17,slovakia,2
g6_00008_17,belgium,1
g6_00092_15,denmark,2
g2_00026_18,belgium,0
g0_0401,india,1
g15_00023_7,estonia,0
g11_00114_13,lithuania,0
g7_00031_18,spain,0
g22_00036_12,denmark,2
g6_00008_16,belgium,0
g6-0_00033_9,sweden,0
g23_00091_4,netherlands,0
g78_00040_5,austria,0
g22_00087_10,denmark,2
g22_00045_4,denmark,2
g14-1_00039_0,finland,0
g165_00004_18,france,0
g22_00016_10,denmark,2
g79_00029_9,austria,0
g13_00015_12,slovenia,0
g15_00086_14,estonia,2
g50_00037_3,latvia,1
g78_00034_15,austria,0
g13-5_00071_10,sweden,2
g25_00014_14,latvia,1
g0_00048_5,luxembourg,0
g15-1_00115_7,finland,2
g8_00134_5,lithuania,0
1592697,rwanda,0
g6_00080_9,denmark,2
g32_0000001024-0000000000,vietnam,0
g2_00040_7,belgium,0
g95_00027_6,austria,0
g1_00010_1,germany,0
g13_00031_0,slovenia,0
g15-1_00036_4,finland,0
g14-2_00002_10,croatia,0
1592804,rwanda,0
g11_00008_0,lithuania,2
g13-5_00131_16,sweden,0
1592678,rwanda,0
g15-1_00077_8,finland,1
g22_00050_0,denmark,2
g27_0000000000-0000000512,vietnam,0
g13-5_00024_15,sweden,0
g1_00002_9,germany,0
g13-5_00007_10,sweden,2
g13-5_00102_9,sweden,2
g6_00032_11,belgium,0
g15-1_00052_0,finland,0
g31_00033_13,latvia,0
g25_00029_7,latvia,0
g8_00038_2,lithuania,0
g2_00032_3,belgium,0
g82_00030_11,austria,0
g8_00115_15,lithuania,1
g0_00008_7,luxembourg,0
g82_00020_17,austria,0
g13_00053_5,slovenia,0
g14-2_00034_3,croatia,0
g14-2_00046_8,croatia,0
g0_00037_15,luxembourg,0
g212_00021_12,france,0
g10_00028_11,estonia,1
g3_0000013824-0000000512,brazil,2
g23_00001_8,netherlands,1
g14-2_00023_3,croatia,0
g14-2_00095_1,croatia,0
g14-2_00047_5,croatia,0
g13_00024_13,slovenia,1
g25_00064_3,latvia,1
g13_00015_14,slovenia,0
g31_00035_17,latvia,0
g15_00158_18,estonia,1
g21_00069_12,slovakia,2
g2_0000016896-0000011776,brazil,1
g2_0000011264-0000002048,brazil,2
g15_00078_0,estonia,1
g212_00082_3,france,0
g6-0_00090_11,sweden,0
g2_0000007168-0000001536,kenya,1
g15_00042_11,estonia,0
g0_0956,india,1
g212_00083_5,france,1
g10-3_00084_13,croatia,0
g2_00087_6,slovakia,2
g15_00036_17,estonia,1
g6_00087_3,denmark,2
g6_00005_18,belgium,0
g0_00019_16,luxembourg,0
g0_00033_13,luxembourg,0
g22_00049_4,denmark,2
g16_00004_15,netherlands,0
g50_00053_16,latvia,0
g6_00032_6,slovenia,0
g14-2_00031_11,croatia,0
g2_0000013824-0000006656,brazil,2
g26_00046_2,latvia,0
g77_00040_1,austria,0
g14-1_00012_5,finland,0
g21_00090_15,slovakia,2
g2_00028_6,slovakia,2
g14-2_00003_8,croatia,0
g13_00016_9,slovenia,1
g16_00099_2,netherlands,0
g2_00014_13,belgium,0
g22_00006_11,denmark,2
g13_00029_11,slovenia,1
g94_00024_10,austria,0
g22_00086_1,denmark,2
g2_00045_1,slovakia,2
g10-3_00090_12,croatia,0
g2_00011_18,belgium,0
g14-1_00095_3,finland,1
g6_00019_18,slovenia,0
g6_00088_9,denmark,2
g77_00028_7,austria,1
g10-3_00018_6,croatia,0
g8_00058_5,lithuania,1
g165_00011_9,france,0
g23_00082_18,netherlands,0
g2_0000019456-0000010752,brazil,1
g31_00034_6,latvia,0
g22_00054_9,denmark,1
g2_0000016384-0000005632,brazil,1
g3_00002_2,south_africa,0
g16_00089_18,netherlands,0
g6_00051_6,slovenia,0
g10_00173_16,estonia,1
g6_00010_10,belgium,0
g2_00050_16,belgium,0
g11_00014_12,lithuania,1
g6_00006_5,belgium,0
g1_00040_2,spain,0
g0_0000004608-0000007680,kenya,1
g21_00114_7,slovakia,1
g11_00027_3,lithuania,1
g14-2_00017_12,croatia,2
g7_00024_5,spain,0
g14-1_00039_7,finland,0
g23_00039_5,netherlands,1
g1_0000001536-0000002048,vietnam,0
g22_00037_9,denmark,2
g10_00092_3,estonia,0
g19_00024_10,latvia,0
g15_00017_1,estonia,0
g13_00034_1,slovenia,0
g15-1_00043_2,finland,1
g11_00029_7,lithuania,1
g23_00061_9,netherlands,0
g2_0000012288-0000006144,brazil,2
1592663,rwanda,0
g14-1_00112_12,finland,0
g14-1_00048_12,finland,1
g4_00009_6,spain,0
g212_00043_8,france,0
g21_00105_4,slovakia,2
g2_00040_14,belgium,0
g0_00024_14,luxembourg,0
g22_00080_4,denmark,2
g21_00009_13,slovakia,1
g1_00001_11,south_africa,1
g1_0000001536-0000000512,vietnam,0
g2_00114_9,slovakia,2
g11_00096_18,lithuania,0
g94_00053_1,austria,0
g6_00021_0,belgium,0
g10-3_00036_9,croatia,0
g1_00036_9,spain,0
g0_1399,india,1
g16_00030_6,netherlands,1
g6_00038_15,belgium,0
g14-1_00044_18,finland,0
g14-1_00037_9,finland,0
g22_00053_12,denmark,2
g15_00063_4,estonia,1
g10_00008_1,estonia,0
g2_0000010752-0000009728,brazil,2
g14-1_00030_0,finland,0
g11_00026_4,lithuania,0
g14-1_00137_2,finland,0
g15-1_00049_17,finland,0
g6_00060_14,denmark,2
g8_00038_12,lithuania,1
g13_00052_3,slovenia,0
g2_00045_15,slovakia,2
1592714,rwanda,0
g19_00046_18,latvia,0
g2_00043_17,belgium,0
g15-1_00111_13,finland,0
g6_00012_10,slovenia,0
g21_00075_4,slovakia,0
g50_00017_2,latvia,1
g31_00006_8,latvia,1
g16_00094_15,netherlands,0
g6-0_00108_6,sweden,2
g8_00083_14,lithuania,0
g10-3_00061_14,croatia,1
g2_1436,india,1
g15_00007_17,estonia,0
g2_00032_2,belgium,0
g2_0000001024-0000011776,brazil,2
g83_00049_17,austria,0
g4_0000001536-0000000000,portugal,0
g13_00029_14,slovenia,1
g82_00045_5,austria,0
g6_00052_1,denmark,2
g11_00116_1,lithuania,0
g1_00011_14,south_africa,0
g77_00044_16,austria,0
g8_00038_16,lithuania,1
g23_00057_1,netherlands,0
g15_00011_17,estonia,1
g3_00034_16,spain,0
g50_00023_12,latvia,0
g13_00050_17,slovenia,0
g11_00144_5,lithuania,0
g79_00045_4,austria,1
g10-3_00070_2,croatia,0
g1_00014_2,germany,0
g2_00025_9,slovakia,2
g15-1_00024_0,finland,0
g8_0000007680-0000002560,kenya,1
g19_00029_9,latvia,1
g0_00020_6,luxembourg,0
g83_00008_9,austria,0
g2_00009_3,germany,2
g16_00069_18,netherlands,0
g95_00024_13,austria,0
g212_00046_17,france,0
g9_0000010752-0000011264,kenya,1
g13_00040_14,slovenia,0
g2_00008_15,slovakia,2
g95_00040_9,austria,0
g15_00087_5,estonia,0
g78_00044_4,austria,0
1592604,rwanda,0
g94_00011_10,austria,0
g6_00056_3,denmark,2
1592636,rwanda,0
g2_0000012288-0000010752,brazil,2
g6-0_00022_12,sweden,0
g0_00018_0,luxembourg,0
g8_00108_4,lithuania,1
g7_00041_14,spain,0
g29_0000000512-0000000512,vietnam,0
g13-5_00021_0,sweden,0
g4_00018_17,spain,0
g82_00006_11,austria,0
g10-3_00061_10,croatia,0
g6-0_00042_16,sweden,0
g212_00060_4,france,0
g2_1930,india,1
g10_00077_14,estonia,0
g2_0000013312-0000007680,brazil,2
g31_00009_16,latvia,0
g50_00022_11,latvia,1
g6_00087_16,denmark,2
g14-2_00021_7,croatia,0
g50_00005_3,latvia,0
g19_00053_16,latvia,0
g21_00018_10,slovakia,2
g19_00026_15,latvia,0
g2_00043_2,slovakia,2
g22_00082_16,denmark,2
g8_00061_10,lithuania,0
g6-0_00057_17,sweden,0
g0_0297,india,1
g31_00063_12,latvia,1
g0_0000000512-0000000000,portugal,0
g6_00055_6,slovenia,1
g21_00038_12,slovakia,0
g4_00027_3,spain,0
g2_0652,india,1
g23_00086_6,netherlands,0
g212_00076_2,france,2
g165_00088_4,france,0
g165_00037_1,france,0
g4_00040_18,spain,0
g10_00102_6,estonia,0
g1_00003_12,germany,1
g25_00034_6,latvia,0
g2_00005_3,belgium,1
g95_00029_6,austria,0
g2_0000005120-0000003584,kenya,1
g6_00007_1,belgium,0
g95_00024_1,austria,0
g14-1_00119_0,finland,1
g165_00061_11,france,1
g23_00101_14,netherlands,0
g4_00010_16,spain,0
g4_0000000512-0000000000,portugal,0
g13-5_00063_9,sweden,1
g2_00019_1,belgium,0
g14-1_00096_12,finland,0
g10_00127_11,estonia,2
g2_0000013312-0000005120,brazil,2
g19_00036_14,latvia,0
g14-2_00004_0,croatia,0
g31_00060_5,latvia,1
g41_00052_1,latvia,0
g82_00021_15,austria,0
g165_00010_16,france,0
g94_00009_1,austria,0
g7_00012_16,spain,1
g212_00051_8,france,0
g16_00006_5,netherlands,0
g16_00055_18,netherlands,0
g8_00108_5,lithuania,1
g11_00036_2,lithuania,0
g2_0000026112-0000006144,brazil,2
g8_00020_1,lithuania,0
g16_00039_9,netherlands,0
g3_0000002560-0000003072,brazil,2
g16_00079_15,netherlands,0
g6_00014_10,slovenia,0
g2_0831,india,1
g3_00005_5,south_africa,2
g11_00089_0,lithuania,0
g0_00040_13,luxembourg,0
g5_0000000512-0000000512,portugal,0
g16_00033_14,netherlands,1
g0_00045_13,luxembourg,0
g26_00026_12,latvia,0
g1_0000001536-0000001024,vietnam,0
g83_00015_0,austria,0
g14-2_00089_11,croatia,0
g212_00048_13,france,1
g5_0000001024-0000001536,portugal,0
g22_00055_2,denmark,2
g15-1_00061_15,finland,0
g15_00083_5,estonia,2
g10-3_00094_18,croatia,0
g11_00060_2,lithuania,1
g25_00061_5,latvia,2
g2_00005_3,south_africa,0
g21_00090_17,slovakia,2
g21_00073_17,slovakia,2
g56_0000000512-0000001024,vietnam,0
g11_00127_18,lithuania,0
g13_00033_5,slovenia,0
g31_00035_15,latvia,1
g6_00002_17,denmark,2
g0_00034_18,luxembourg,0
g6_00105_10,denmark,2
g10_00024_4,estonia,0
g6-0_00069_11,sweden,0
g14-2_00032_2,croatia,0
g41_00002_14,latvia,1
g50_00005_0,latvia,0
g6_00024_14,denmark,2
g6_00024_2,slovenia,0
g79_00038_4,austria,0
g83_00008_0,austria,0
g212_00061_8,france,2
g14-2_00086_8,croatia,0
g21_00067_7,slovakia,0
g14-1_00079_6,finland,0
g0_0808,india,1
g0_0770,india,1
g4_00047_7,spain,0
g8_00026_1,lithuania,0
g212_00076_11,france,0
g2_00106_8,slovakia,2
g6-0_00032_17,sweden,0
g8_00117_11,lithuania,0
g1_0000000000-0000000000,portugal,0
g6_00041_18,slovenia,0
g26_00042_0,latvia,0
g16_00046_2,netherlands,1
g25_0000001024-0000000000,vietnam,0
g212_00026_8,france,0
g6_00052_4,slovenia,1
g10-3_00032_11,croatia,0
g16_00082_9,netherlands,0
g212_00086_12,france,0
g11_00013_0,lithuania,0
g6_00081_5,denmark,2
g212_00099_10,france,1
g26_00055_1,latvia,2
g23_00082_0,netherlands,0
g2_1629,india,1
g13-5_00033_17,sweden,0
g21_00118_4,slovakia,2
g23_00040_9,netherlands,1
g26_00051_17,latvia,0
g7_00003_3,spain,1
g2_0000002560-0000004608,brazil,2
g2_00034_14,belgium,0
g3_00014_15,south_africa,0
g23_00079_12,netherlands,1
g1_00030_6,spain,0
g83_00046_14,austria,0
g1_0000000000-0000001536,vietnam,0
g2_00014_2,germany,0
g15-1_00071_17,finland,0
g15-1_00141_8,finland,0
g1_00007_12,germany,0
g2_00076_5,slovakia,0
g16_00046_16,netherlands,0
g94_00016_2,austria,0
g78_00006_6,austria,0
g212_00012_7,france,0
g78_00051_13,austria,0
g2_00012_14,south_africa,2
g5_0000001536-0000001536,portugal,0
g2_00009_6,belgium,0
g1_00002_10,germany,0
g14-2_00065_18,croatia,0
g23_00099_7,netherlands,0
g2_0000010752-0000001536,brazil,2
g31_00013_5,latvia,1
1592605,rwanda,0
g6-0_00047_18,sweden,0
g15_00123_16,estonia,0
g4_0000004096-0000012800,brazil,2
g4_00037_14,spain,0
g13-5_00082_9,sweden,0
g19_00035_0,latvia,1
g25_00038_9,latvia,0
g10-3_00030_12,croatia,0
g6-0_00019_14,sweden,0
g6_00078_17,denmark,2
g41_00036_16,latvia,1
g10-3_00024_16,croatia,0
g6_00104_13,denmark,2
g6_00039_2,slovenia,0
g82_00030_0,austria,0
g6_00060_17,slovenia,1
g78_00014_16,austria,0
g8_00130_9,lithuania,1
g2_00093_11,slovakia,1
g21_00064_0,slovakia,2
g8_00096_8,lithuania,0
g11_00074_16,lithuania,2
g8_00019_5,lithuania,0
g23_00029_18,netherlands,1
g13-5_00005_10,sweden,1
g14-1_00098_13,finland,0
g6-0_00066_11,sweden,1
g2_00022_1,belgium,0
g2_1370,india,1
1592704,rwanda,0
g212_00091_12,france,0
g2_00040_13,belgium,0
g7_00030_1,spain,1
g19_00045_6,latvia,1
1592835,rwanda,0
g15_00114_8,estonia,1
g6_00034_10,denmark,2
g6_00082_18,denmark,2
g14-1_00117_11,finland,0
g212_00032_8,france,0
g1_00030_7,spain,0
g15_00117_5,estonia,1
g212_00031_12,france,0
g21_00026_6,slovakia,2
g50_00037_10,latvia,1
g25_00059_9,latvia,0
g7_00009_12,spain,0
g50_00042_6,latvia,0
g79_00049_10,austria,0
g212_00064_14,france,0
g2_00042_7,slovakia,2
g23_00050_17,netherlands,1
g15_00118_5,estonia,0
g2_00056_17,belgium,0
g15_00173_2,estonia,1
g10_00131_0,estonia,0
g2_00002_17,belgium,0
g10-3_00043_3,croatia,0
g3_00016_7,spain,0
g14-1_00046_10,finland,0
g10-3_00021_18,croatia,0
g23_00058_8,netherlands,1
g0_00005_6,luxembourg,0
g6_00011_11,belgium,0
g15_00118_1,estonia,0
g212_00096_15,france,0
g6_00014_9,denmark,2
g11_00136_6,lithuania,0
g0_00014_11,luxembourg,0
g6_00002_10,belgium,0
g13_00052_8,slovenia,0
g212_00012_0,france,0
g2_0000027648-0000010752,brazil,2
g22_00008_6,denmark,2
g14-2_00080_17,croatia,0
g2_0000013824-0000009216,brazil,2
g2_0000017408-0000014848,brazil,2
g6_00021_12,denmark,2
g8_0000001024-0000001536,portugal,0
g22_00030_15,denmark,2
g1_00025_10,spain,0
g79_00011_18,austria,1
g2_00001_15,germany,2
g6-0_00104_8,sweden,0
g22_0000000000-0000000000,vietnam,0
g82_00028_8,austria,0
g6_00022_6,denmark,2
g2_00003_8,belgium,0
g0_00026_0,luxembourg,0
g8_00121_2,lithuania,0
g15_00084_5,estonia,1
g10-3_00088_6,croatia,0
g6_00062_8,denmark,2
g79_00016_6,austria,1
g6_00037_2,denmark,1
g78_00016_11,austria,1
g95_00021_12,austria,0
g4_00010_3,spain,0
g2_00041_6,slovakia,2
g7_00038_2,spain,0
g212_00076_9,france,0
g83_00049_14,austria,0
g11_00141_2,lithuania,0
g16_00071_15,netherlands,0
g3_0000001536-0000008704,kenya,1
g26_0000000512-0000000512,vietnam,0
g3_00008_17,south_africa,0
g3_00012_5,south_africa,2
g83_00002_9,austria,0
g165_00004_7,france,1
g8_00026_15,lithuania,0
g31_00012_13,latvia,0
g6-0_00046_17,sweden,0
g13-5_00061_12,sweden,2
g2_00054_12,belgium,0
g2_00011_1,slovakia,2
g77_00013_14,austria,0
g1_00005_15,south_africa,1
g1_00005_6,south_africa,0
g77_00013_5,austria,0
g14-1_00127_15,finland,0
g3_00010_3,spain,0
g82_00019_0,austria,0
g23_00008_6,netherlands,0
g10_00059_8,estonia,1
g14-2_00051_13,croatia,2
g1_0000000512-0000001536,vietnam,0
g2_1064,india,1
g13_00014_3,slovenia,0
g15-1_00059_9,finland,0
g8_00067_4,lithuania,1
g23_00034_13,netherlands,1
g165_00010_9,france,0
g82_00040_8,austria,0
g1_0000005120-0000006144,brazil,1
g0_0856,india,1
g15-1_00048_2,finland,0
g14-1_00101_0,finland,1
g16_00004_13,netherlands,1
g2_00103_6,slovakia,0
g4_00038_1,spain,0
g2_0288,india,1
g16_00027_0,netherlands,0
g15-1_00044_15,finland,1
g13_00004_11,slovenia,0
g26_00048_0,latvia,0
g1_00021_4,spain,0
g2_00040_1,slovakia,2
g1_0000004608-0000002560,brazil,2
g25_00021_11,latvia,0
g22_00070_6,denmark,2
g31_00049_11,latvia,0
g11_00089_5,lithuania,0
g10_00074_11,estonia,1
g22_00079_0,denmark,1
g15_00014_18,estonia,1
g26_00057_17,latvia,2
g21_00057_5,slovakia,1
g2_0000014848-0000004608,brazil,2
g0_0000001536-0000000000,portugal,1
g8_00085_8,lithuania,1
g15-1_00026_16,finland,1
g6-0_00020_2,sweden,0
g95_00015_10,austria,0
g10_00044_6,estonia,0
g14-2_00065_4,croatia,1
g10-3_00013_2,croatia,0
g1_00007_0,spain,0
g78_00036_16,austria,0
g0_00014_16,luxembourg,0
g2_00067_4,slovakia,2
g8_00129_18,lithuania,0
g19_00036_17,latvia,0
g11_00144_2,lithuania,1
g13-5_00078_2,sweden,1
g77_00030_7,austria,0
g23_00015_0,netherlands,1
g0_00040_18,luxembourg,0
g212_00096_10,france,0
g14-2_00061_7,croatia,0
g2_00020_18,belgium,0
g6_00005_16,belgium,0
g6-0_00080_8,sweden,1
g41_00052_0,latvia,0
g2_0000019456-0000018432,brazil,1
g28_0000001024-0000001024,vietnam,0
g2_0000026112-0000018432,brazil,2
g2_00016_4,germany,2
g6_00046_7,belgium,0
g10_00003_18,estonia,1
g10_00010_5,estonia,0
g3_00003_0,south_africa,0
g42_0000001024-0000000512,vietnam,0
g15-1_00153_15,finland,0
g14-1_00145_8,finland,0
g26_00040_2,latvia,1
g78_00049_6,austria,0
g40_0000000512-0000000000,vietnam,0
g15-1_00136_8,finland,0
g6-0_00117_14,sweden,2
g6_00031_18,denmark,1
g2_00031_4,belgium,0
g15_00057_4,estonia,1
g19_00010_5,latvia,1
g6_00007_9,slovenia,1
g0_1177,india,1
g22_00019_14,denmark,1
g6-0_00025_17,sweden,0
g2_1837,india,1
g14-1_00088_1,finland,0
g11_00028_3,lithuania,0
g19_00034_13,latvia,0
g0_00012_5,luxembourg,0
g6_00028_10,belgium,0
g212_00081_14,france,0
g3_00002_10,spain,0
g11_00112_0,lithuania,0
g6-0_00038_11,sweden,2
g14-1_00115_8,finland,0
g6_00024_17,slovenia,0
g23_00060_2,netherlands,1
g2_0215,india,1
g94_00003_15,austria,0
g22_0000000512-0000001536,portugal,0
g11_00011_10,lithuania,0
g1_00007_8,south_africa,0
g13-5_00119_8,sweden,1
g2_00015_17,germany,0
g3_00011_12,south_africa,0
g10_00163_12,estonia,1
g82_00034_5,austria,0
g0_1209,india,1
g14-1_00127_9,finland,0
g22_00083_3,denmark,2
g2_1173,india,1
g14-1_00021_8,finland,0
g23_0000000512-0000001024,vietnam,0
g2_00003_12,germany,2
g23_00100_13,netherlands,0
g31_00026_1,latvia,2
g4_00032_5,spain,0
g6-0_00082_9,sweden,2
g94_00020_12,austria,0
g2_00102_1,slovakia,2
g8_00021_16,lithuania,1
g11_00126_1,lithuania,0
g79_00025_10,austria,1
g41_00032_17,latvia,1
g6_00040_5,belgium,0
g4_00033_15,spain,0
g26_00033_18,latvia,1
g11_00097_10,lithuania,0
g15_00037_6,estonia,1
g21_00058_10,slovakia,1
g13_00020_8,slovenia,0
g10_00080_13,estonia,0
g8_00100_16,lithuania,0
g8_0000001536-0000001024,portugal,0
g7_00012_2,spain,0
g14-1_00039_8,finland,0
g1_00010_11,south_africa,2
g16_00034_6,netherlands,0
g21_00095_14,slovakia,2
g1_00011_7,germany,2
g6-0_00032_2,sweden,0
g1_00009_15,south_africa,0
g10-3_00011_18,croatia,0
g7_00020_12,spain,1
g2_1375,india,1
g1_0000007680-0000003584,brazil,2
g2_00003_3,south_africa,2
g13-5_00028_9,sweden,0
g10-3_00076_4,croatia,0
g21_00106_5,slovakia,2
g26_00032_2,latvia,0
g78_00053_2,austria,0
g0_00032_15,luxembourg,0
g2_00023_13,slovakia,0
g2_00012_2,slovakia,2
g41_00009_9,latvia,0
g77_00033_14,austria,0
g15_00040_3,estonia,0
g10_00054_0,estonia,0
g2_00019_9,belgium,0
g165_00087_9,france,1
g13-5_00037_0,sweden,1
g22_00063_8,denmark,2
g22_00013_13,denmark,2
g26_00015_8,latvia,1
g10-3_00006_1,croatia,0
g95_00040_12,austria,0
g4_00005_14,spain,0
g8_00048_16,lithuania,0
g2_00054_13,belgium,0
g10-3_00073_8,croatia,0
g13-5_00114_15,sweden,0
g11_00052_1,lithuania,2
g78_00029_0,austria,1
g2_1898,india,1
g8_00035_16,lithuania,0
g6-0_00059_0,sweden,0
g8_00003_12,lithuania,0
g6_00059_5,denmark,0
g11_00060_17,lithuania,0
g50_00025_3,latvia,1
g8_00086_13,lithuania,0
g2_00001_2,south_africa,0
g14-2_00032_11,croatia,0
g2_0000017408-0000008192,brazil,2
g6_00048_8,denmark,2
g6_00016_11,belgium,0
g13-5_00062_18,sweden,0
g0_00045_12,luxembourg,0
g13-5_00134_16,sweden,0
g2_00051_2,belgium,0
g6_00046_15,denmark,2
g14-1_00127_13,finland,0
g14-1_00121_17,finland,0
g23_00032_4,netherlands,0
g165_00065_6,france,0
g2_00016_15,germany,2
g2_0000023040-0000014336,brazil,2
1592711,rwanda,0
g41_00013_0,latvia,0
g2_00005_18,south_africa,2
g6_00015_17,belgium,1
g6_00015_18,belgium,0
g2_0251,india,1
g14-1_00071_17,finland,0
g8_00046_4,lithuania,0
g25_00058_12,latvia,0
g0_1262,india,1
g15_00070_8,estonia,1
g13_00008_15,slovenia,0
g19_00030_1,latvia,1
g1_00035_16,spain,0
g6_00003_17,denmark,2
g165_00036_9,france,0
g6-0_00054_8,sweden,0
g165_00022_0,france,0
g6-0_00024_18,sweden,0
g11_00057_6,lithuania,0
g25_00020_8,latvia,0
g21_00069_18,slovakia,2
g11_00093_0,lithuania,1
g79_00015_6,austria,0
g6_00035_8,belgium,0
g2_00011_3,germany,2
g7_00029_11,spain,0
g1_0000000512-0000000512,portugal,0
g6-0_00021_17,sweden,2
g16_00102_10,netherlands,0
g94_00027_2,austria,0
g6-0_00072_2,sweden,0
g6-0_00035_13,sweden,0
g13-5_00043_5,sweden,0
g14-1_00123_2,finland,0
g6-0_00099_10,sweden,0
g0_1979,india,1
g13-5_00014_18,sweden,0
g2_00004_0,germany,2
g15_00070_12,estonia,1
g212_00099_0,france,0
g4_00014_12,spain,0
g14-1_00140_17,finland,0
g22_00085_10,denmark,1
g28_0000000512-0000000512,vietnam,0
g2_0000006144-0000008192,brazil,2
g10-3_00042_13,croatia,1
g13-5_00046_2,sweden,0
g0_00044_7,luxembourg,0
g15_00166_14,estonia,1
g2_1952,india,1
g6_00110_8,denmark,2
g15_00132_9,estonia,0
g22_00070_7,denmark,2
g14-1_00080_18,finland,0
g14-1_00105_14,finland,0
g10-3_00022_14,croatia,0
g1_00011_1,germany,0
g13-5_00050_8,sweden,1
g13-5_00041_3,sweden,2
g3_00028_16,spain,0
g19_00003_18,latvia,1
g6-0_00003_18,sweden,0
g21_00068_15,slovakia,2
g2_0000005120-0000008704,brazil,2
g15_00066_3,estonia,2
g83_00036_2,austria,0
g10_00127_4,estonia,0
g13-5_00043_18,sweden,0
g21_00016_8,slovakia,1
g6-0_00042_1,sweden,0
g13_00022_5,slovenia,0
g31_00044_0,latvia,1
g0_00019_13,luxembourg,0
g8_0000007168-0000002560,kenya,1
g23_00093_5,netherlands,1
g10-3_00034_14,croatia,0
g19_00048_16,latvia,0
g6_00005_6,belgium,1
g2_00080_0,slovakia,2
g3_0000011264-0000001536,brazil,2
g6_00065_16,denmark,2
g14-1_00064_15,finland,1
g15-1_00086_10,finland,0
g15_00149_5,estonia,1
g11_00067_0,lithuania,1
g10-3_00064_16,croatia,0
g19_00055_2,latvia,0
g6-0_00019_11,sweden,0
g21_00026_11,slovakia,1
g11_00078_4,lithuania,0
g15-1_00015_6,finland,0
g0_00006_8,luxembourg,0
g10_00021_14,estonia,0
g6-0_00044_7,sweden,0
g41_00006_7,latvia,1
g11_00077_18,lithuania,2
g0_00015_9,luxembourg,0
g2_00018_0,belgium,1
g2_00019_4,germany,0
g2_00002_11,germany,2
g8_00083_1,lithuania,0
g31_00030_0,latvia,0
g15_00132_17,estonia,1
g1_00001_5,south_africa,0
g82_00033_9,austria,0
1592603,rwanda,0
1592626,rwanda,0
g50_00004_8,latvia,1
g6-0_00026_4,sweden,0
g13-5_00047_5,sweden,1
g165_00066_9,france,0
g8_00063_12,lithuania,0
g14-2_00016_15,croatia,2
g6_00061_17,denmark,2
g1_00017_1,germany,2
g2_0000001536-0000009728,brazil,2
g79_00003_0,austria,0
g165_00058_14,france,0
g0_1125,india,1
g0_00023_18,luxembourg,0
g15-1_00027_11,finland,1
g6_00021_11,belgium,0
g31_00020_1,latvia,0
g31_00048_3,latvia,0
g13-5_00059_16,sweden,0
g19_00049_17,latvia,0
g11_00118_7,lithuania,0
g165_00047_12,france,0
g1_0000007680-0000002560,brazil,2
g14-2_00085_6,croatia,0
g13-5_00099_10,sweden,0
g10-3_00009_2,croatia,0
g6-0_00072_9,sweden,2
g6_00011_6,slovenia,1
g14-2_00022_4,croatia,0
g14-1_00118_5,finland,0
g7_00023_9,spain,1
1592769,rwanda,0
g2_00011_11,belgium,0
g95_00020_2,austria,0
g23_00048_2,netherlands,0
g31_00048_13,latvia,0
g0_00047_4,luxembourg,0
g14-2_00003_5,croatia,0
g14-2_00015_12,croatia,0
g21_00071_8,slovakia,2
g165_00071_8,france,0
g1_00006_7,south_africa,0
g2_00002_15,germany,0
g11_00033_12,lithuania,0
g14-1_00089_2,finland,0
g1_0000001024-0000000512,vietnam,0
g14-1_00003_9,finland,1
g165_00046_7,france,0
g26_00034_5,latvia,0
g40_0000000512-0000001024,vietnam,0
g23_00002_14,netherlands,1
g212_00100_15,france,1
g95_00053_11,austria,0
g1_00006_17,germany,0
g212_00101_1,france,0
g2_0000004608-0000003584,kenya,1
g23_00078_2,netherlands,0
g23_00014_12,netherlands,1
g2_0137,india,1
g10_00004_1,estonia,2
g13-5_00038_8,sweden,0
g29_0000001024-0000000000,vietnam,0
g10_00163_3,estonia,2
g0_1789,india,1
g16_00008_18,netherlands,0
g4_00019_10,spain,0
g11_00078_5,lithuania,0
g94_00038_10,austria,0
g94_00009_12,austria,0
g3_00010_17,spain,0
g23_00072_17,netherlands,0
g6_00019_12,denmark,2
g6_00030_4,belgium,0
g8_00143_2,lithuania,0
g1_00010_18,south_africa,2
g15_00163_11,estonia,1
g2_00028_15,belgium,0
g6_00087_0,denmark,2
g1_0000007168-0000003072,brazil,2
g10_00102_10,estonia,2
g7_00038_15,spain,0
g6_00109_15,denmark,2
g22_00048_8,denmark,2
g15_00006_8,estonia,1
g41_00055_14,latvia,0
g50_00019_17,latvia,0
g26_00049_13,latvia,0
g4_00021_3,spain,0
g25_00015_8,latvia,2
g165_00065_14,france,0
g15_00158_12,estonia,1
g19_00008_6,latvia,1
g14-2_00017_7,croatia,0
g78_00029_16,austria,0
g0_00036_8,luxembourg,0
g7_00021_2,spain,0
g2_00011_5,germany,2
g31_00031_18,latvia,1
g14-2_00087_7,croatia,0
g14-2_00080_8,croatia,0
g3_00005_15,south_africa,1
g15_00112_5,estonia,0
g14-2_00004_1,croatia,0
g50_0000001024-0000000512,vietnam,0
g6-0_00113_11,sweden,0
g23_00091_11,netherlands,0
g1_0000006656-0000002048,brazil,2
g212_00094_9,france,0
g8_00007_12,lithuania,0
g15_00092_12,estonia,1
g82_00002_8,austria,0
g13-5_00099_3,sweden,0
g14-2_00089_5,croatia,1
g16_00071_17,netherlands,0
g23_00097_5,netherlands,1
g16_00022_4,netherlands,1
g2_0000026112-0000007168,brazil,2
g2_00009_8,south_africa,2
g95_00030_3,austria,0
g41_00066_0,latvia,2
g23_00058_15,netherlands,0
g0_0253,india,1
g15_00172_13,estonia,0
g6_00041_2,belgium,0
g14-1_00021_0,finland,1
g6_00082_10,denmark,2
g7_00044_10,spain,0
g1_0000000512-0000000512,vietnam,0
g2_0000018944-0000011776,brazil,2
g10_00024_7,estonia,0
g21_00015_2,slovakia,0
g0_00039_13,luxembourg,0
g78_00043_1,austria,1
g95_00009_0,austria,0
g11_00084_8,lithuania,0
g14-1_00030_18,finland,0
g6-0_00057_18,sweden,1
g23_00048_1,netherlands,0
g13-5_00140_5,sweden,0
g31_00032_17,latvia,1
g11_00072_9,lithuania,0
g13-5_00009_2,sweden,0
g15-1_00110_9,finland,0
g16_00036_5,netherlands,0
g0_0000000000-0000001536,vietnam,0
g77_00048_18,austria,0
g31_00041_12,latvia,0
g10_00133_12,estonia,0
1592617,rwanda,0
g23_00039_7,netherlands,0
g14-2_00061_5,croatia,0
g79_00047_11,austria,0
g7_00034_9,spain,0
g0_1980,india,1
g2_0988,india,1
g78_00019_3,austria,0
g4_00014_8,spain,0
g5_0000000000-0000000512,portugal,0
g212_00006_7,france,0
g2_00021_10,belgium,0
g2_00005_13,slovakia,2
g16_00025_8,netherlands,0
g11_00140_18,lithuania,2
g25_00014_3,latvia,2
g2_0000010240-0000005120,kenya,1
g77_00022_6,austria,0
g1_0000003584-0000002048,brazil,2
g23_00103_9,netherlands,1
g0_00010_12,luxembourg,0
g15-1_00006_17,finland,0
g25_00016_18,latvia,0
g212_00011_5,france,0
g16_00102_9,netherlands,0
g26_00050_2,latvia,2
g10-3_00012_0,croatia,0
g82_00037_10,austria,0
g53_0000001024-0000000512,vietnam,0
g21_00067_14,slovakia,0
g23_00007_9,netherlands,1
1592698,rwanda,0
g6_00110_12,denmark,2
g13_00052_2,slovenia,0
g165_00089_13,france,1
g8_00013_2,lithuania,0
g14-1_00147_16,finland,0
g15_00042_3,estonia,2
g10_00148_5,estonia,0
g16_00079_4,netherlands,0
g16_00016_5,netherlands,0
g10_00034_6,estonia,1
g82_00035_1,austria,0
g21_00061_4,slovakia,2
g23_00029_10,netherlands,1
g16_00010_5,netherlands,0
g6_00040_17,denmark,2
g82_00019_3,austria,0
g13-5_00068_14,sweden,0
g10_00085_8,estonia,1
g13_00040_4,slovenia,0
g23_00059_16,netherlands,0
g16_00104_17,netherlands,0
g41_00013_4,latvia,1
g4_0000001024-0000000000,portugal,0
g6-0_00084_13,sweden,1
g46_0000000512-0000000512,vietnam,0
g16_00096_4,netherlands,1
g6_00046_5,denmark,2
g79_00037_8,austria,0
g78_00050_3,austria,0
g78_00019_7,austria,1
g43_0000001024-0000000000,vietnam,0
g22_00043_15,denmark,1
g15_00012_9,estonia,0
g15_00157_0,estonia,1
g13-5_00035_12,sweden,2
g25_00011_17,latvia,1
g4_00016_17,spain,0
g10_00087_1,estonia,2
g11_00095_13,lithuania,0
g2_00005_1,germany,0
g15-1_00141_18,finland,0
g6-0_00043_5,sweden,0
g14-2_00085_15,croatia,0
g1_00003_18,germany,0
g14-1_00140_3,finland,1
g82_00045_0,austria,1
g14-1_00059_6,finland,0
g6_00091_14,denmark,2
g26_00035_1,latvia,0
g2_00086_17,slovakia,2
g41_00007_7,latvia,0
g2_00008_5,belgium,1
g13_00032_17,slovenia,0
g13-5_00136_2,sweden,0
g10-3_00056_13,croatia,0
g48_0000000512-0000001024,vietnam,0
g0_00046_17,luxembourg,0
g14-1_00144_6,finland,0
g8_00068_0,lithuania,1
g50_00016_17,latvia,1
g83_00032_17,austria,0
g4_00032_4,spain,0
g11_00025_4,lithuania,2
g26_00061_0,latvia,0
g15_00072_14,estonia,1
g11_00019_1,lithuania,0
g79_00033_9,austria,0
g25_00014_17,latvia,0
g94_00029_17,austria,1
g6_00050_0,denmark,2
g50_00059_16,latvia,1
g2_00033_0,slovakia,2
g79_00046_0,austria,0
g10_00113_10,estonia,2
g14-1_00122_12,finland,0
g23_00088_6,netherlands,1
g1_00002_5,germany,0
g4_00022_11,spain,0
g8_00038_4,lithuania,0
g2_0000018432-0000004608,brazil,2
g31_00031_7,latvia,0
g2_00015_0,slovakia,2
g11_00003_9,lithuania,0
g21_00065_1,slovakia,2
g7_00028_17,spain,0
g15-1_00017_2,finland,1
1592609,rwanda,0
g8_0000001024-0000001024,portugal,0
g212_00056_13,france,0
g1_0000001024-0000000000,portugal,0
g2_0000011264-0000005120,brazil,2
g0_00016_2,luxembourg,0
g6_0000001024-0000000512,portugal,1
g13-5_00036_3,sweden,0
g15-1_00076_8,finland,1
g15_00042_16,estonia,0
g212_00060_1,france,0
g22_00028_16,denmark,2
g13_00043_5,slovenia,0
g10_00123_10,estonia,0
g6-0_00088_6,sweden,0
g13-5_00039_8,sweden,2
g15_00098_9,estonia,1
g15_00118_17,estonia,0
g165_00102_13,france,1
g0_0708,india,1
g14-2_00074_11,croatia,0
g10-3_00062_2,croatia,0
g212_00037_7,france,0
g1_00002_7,south_africa,0
g15-1_00136_18,finland,1
g8_00050_15,lithuania,1
g15_00007_18,estonia,0
g6_00069_8,denmark,2
g23_00018_9,netherlands,0
g3_00006_1,south_africa,2
g26_00002_17,latvia,1
g31_00016_0,latvia,0
g41_00058_3,latvia,0
g3_00004_10,south_africa,2
g8_00085_13,lithuania,0
g21_00010_6,slovakia,2
g50_00044_6,latvia,1
g3_00004_2,south_africa,1
g6_00011_5,slovenia,1
g11_00123_12,lithuania,0
g165_00038_0,france,0
g13-5_00032_7,sweden,2
g13-5_00093_7,sweden,1
g14-1_00014_18,finland,0
g24_0000001024-0000000512,vietnam,0
g2_00010_18,slovakia,2
g14-1_00117_15,finland,0
g95_00025_17,austria,0
g6_00026_8,belgium,0
g1_00001_2,south_africa,1
g22_00034_12,denmark,2
g0_1024,india,1
g3_00004_12,spain,0
g6_00016_8,denmark,2
g2_0000017408-0000017920,brazil,2
g31_00017_15,latvia,0
g2_00016_5,germany,0
g0_00014_13,luxembourg,0
g2_0000018944-0000009728,brazil,2
g14-2_00076_5,croatia,0
g23_00078_17,netherlands,0
g0_00040_12,luxembourg,0
1592590,rwanda,1
g95_00011_4,austria,0
g0_1929,india,1
g94_00011_3,austria,0
g3_00007_10,south_africa,0
g6_00048_11,belgium,0
g41_00016_0,latvia,0
g14-2_00090_3,croatia,0
g14-2_00073_9,croatia,0
g165_00011_5,france,0
g0_0909,india,1
g2_00039_0,belgium,0
g21_00068_12,slovakia,1
g21_00049_6,slovakia,0
g15-1_00150_12,finland,0
g43_0000001024-0000000512,vietnam,0
g9_0000001536-0000001024,kenya,1
g2_00004_12,belgium,1
g6_00089_8,denmark,2
g16_00029_12,netherlands,1
g78_00034_3,austria,0
g13-5_00111_17,sweden,0
g22_00011_8,denmark,2
g6_00086_5,denmark,2
1592774,rwanda,0
g21_00090_14,slovakia,2
g14-2_00017_1,croatia,0
g11_00007_2,lithuania,0
1592610,rwanda,0
g22_00065_12,denmark,2
g2_00018_15,germany,2
g165_00059_8,france,0
g14-1_00108_1,finland,0
1592630,rwanda,0
g15-1_00140_8,finland,0
g10_00081_2,estonia,0
g2_0000017920-0000012288,brazil,2
g13_00030_16,slovenia,0
g1_00015_8,germany,2
g8_00093_12,lithuania,0
g16_00002_10,netherlands,0
g14-2_00085_4,croatia,0
g42_0000000512-0000000512,vietnam,0
g10-3_00069_0,croatia,0
g21_00092_12,slovakia,0
g165_00037_7,france,0
g1_0814,india,1
g16_00014_3,netherlands,0
g25_00063_18,latvia,0
g2_0000005632-0000010240,brazil,1
g3_0000004096-0000002048,brazil,2
g79_00033_11,austria,0
g1_0828,india,1
g11_00102_16,lithuania,0
g0_00047_5,luxembourg,0
g212_00061_5,france,0
g6_00098_7,denmark,2
g10_00100_11,estonia,1
g16_00014_10,netherlands,0
g3_0000002560-0000004096,brazil,2
g50_00053_11,latvia,0
g6-0_00007_12,sweden,0
g6-0_00009_6,sweden,1
g10_00019_16,estonia,2
g19_00015_11,latvia,0
g6_00029_0,denmark,2
g165_00008_3,france,0
g79_00010_11,austria,0
g2_0000024064-0000009728,brazil,2
g13-5_00114_16,sweden,0
g8_00084_14,lithuania,0
g21_00012_3,slovakia,2
g2_00032_7,slovakia,2
g15_00161_5,estonia,0
g8_00126_15,lithuania,0
g2_00018_13,belgium,0
g11_00005_0,lithuania,1
g11_00112_3,lithuania,0
g26_00003_1,latvia,0
g16_00082_1,netherlands,1
g2_0000004608-0000009216,brazil,2
g44_0000000512-0000000000,vietnam,0
g6-0_00089_0,sweden,0
g7_00011_11,spain,0
g24_0000000000-0000001024,vietnam,0
g22_00037_3,denmark,2
g45_0000000000-0000000512,vietnam,0
g2_0000011264-0000001536,brazil,2
g8_0000007168-0000003584,kenya,1
g2_00008_2,germany,1
g3_00007_13,south_africa,0
g19_00056_16,latvia,0
g6_00036_3,denmark,2
g26_00029_9,latvia,1
g26_00060_14,latvia,0
g15-1_00037_11,finland,0
g41_00014_10,latvia,0
g13_00011_1,slovenia,0
g2_00009_6,germany,0
g22_00074_11,denmark,2
g6_00021_3,denmark,2
g15_00015_8,estonia,0
g13-5_00065_8,sweden,2
g8_00017_1,lithuania,0
g83_00017_9,austria,0
g2_00026_3,belgium,0
g4_00013_6,spain,0
g21_00086_17,slovakia,2
g2_00052_8,belgium,0
g7_00019_18,spain,1
g16_00045_17,netherlands,0
g23_00067_4,netherlands,0
g13_00035_11,slovenia,0
g83_00017_18,austria,0
g165_00009_0,france,0
g6-0_00078_4,sweden,0
g2_00100_14,slovakia,2
g8_00067_6,lithuania,0
g82_00010_16,austria,0
g2_0000006144-0000005632,brazil,2
g7_00024_18,spain,0
g2_0000024576-0000006656,brazil,1
g16_00031_14,netherlands,0
g21_00078_3,slovakia,0
g0_00017_18,luxembourg,0
g6_00006_4,denmark,2
g11_00023_4,lithuania,0
g14-1_00070_5,finland,1
g0_0578,india,1
g15_00090_10,estonia,0
g6_00016_10,belgium,0
g1_00011_2,south_africa,0
g11_00137_18,lithuania,0
g8_00063_18,lithuania,2
g79_00019_13,austria,0
g42_0000001024-0000000000,vietnam,0
g31_00062_14,latvia,0
g2_0000016896-0000017408,brazil,2
g0_0266,india,1
g15-1_00037_6,finland,1
g23_00018_10,netherlands,1
g78_00002_18,austria,0
g0_00043_13,luxembourg,0
g2_0291,india,1
g212_00038_1,france,1
g165_00033_17,france,0
g10_00063_16,estonia,0
g22_00073_8,denmark,2
g23_00099_16,netherlands,0
g14-1_00054_15,finland,0
g77_00023_14,austria,0
g4_00042_0,spain,0
g15_00040_0,estonia,1
g2_00005_13,germany,1
g2_0000004096-0000011776,brazil,2
g3_00007_17,spain,0
g2_00017_10,slovakia,0
g14-1_00074_17,finland,0
g165_00097_1,france,0
g22_00086_7,denmark,2
g212_00031_0,france,0
g6-0_00003_17,sweden,2
g15_00117_11,estonia,1
g14-2_00010_15,croatia,0
g8_00078_7,lithuania,0
g83_00021_11,austria,0
g11_00090_9,lithuania,0
g31_00040_18,latvia,0
g2_00026_15,slovakia,2
g13_00052_9,slovenia,0
g13_00037_18,slovenia,0
g95_00032_12,austria,0
g2_00052_7,slovakia,2
g82_00041_14,austria,0
g1_00003_12,south_africa,0
g13-5_00092_11,sweden,0
g7_00028_18,spain,0
g10-3_00092_8,croatia,0
g15_00122_3,estonia,0
g10_00073_16,estonia,1
g23_00059_8,netherlands,1
g22_00084_11,denmark,2
g14-1_00107_16,finland,0
g15-1_00004_11,finland,0
g16_00032_1,netherlands,0
g6_00019_14,denmark,2
g8_00025_0,lithuania,0
1592683,rwanda,1
g13_00037_10,slovenia,0
g14-1_00126_16,finland,0
g6_00026_0,denmark,0
g0_1671,india,1
g4_00006_6,spain,0
g11_00016_15,lithuania,1
g6_00053_5,denmark,2
g25_00052_12,latvia,0
g22_00027_2,denmark,2
g10-3_00045_10,croatia,0
g1_00004_13,south_africa,0
g10_00137_17,estonia,0
g0_1002,india,1
g8_00143_16,lithuania,0
g2_00107_17,slovakia,2
g2_00053_17,belgium,1
g6_0000001536-0000000000,portugal,0
g23_00046_4,netherlands,1
g2_0000006144-0000003072,brazil,2
g15-1_00141_10,finland,0
g95_00049_5,austria,0
g15_00045_3,estonia,0
g212_00016_16,france,0
g6_00006_13,denmark,2
g2_00011_4,germany,0
g16_00047_14,netherlands,1
g15_00144_18,estonia,0
g11_00047_7,lithuania,0
g31_00023_13,latvia,0
g7_0000007680-0000001024,kenya,1
g16_00065_14,netherlands,0
g1_00026_15,spain,0
g2_00051_11,slovakia,2
g25_00059_5,latvia,2
g15_00043_14,estonia,0
g10-3_00062_16,croatia,0
g26_00003_17,latvia,0
g212_00089_5,france,0
g14-1_00113_17,finland,0
g212_00030_11,france,0
g23_00005_1,netherlands,1
g10_00104_18,estonia,0
g22_0000001024-0000000000,vietnam,0
g0_00046_8,luxembourg,0
g0_00039_15,luxembourg,0
g6-0_00083_2,sweden,0
g31_00049_17,latvia,0
g14-1_00141_2,finland,0
g6-0_00025_3,sweden,0
g2_00002_18,south_africa,2
g1_00009_17,south_africa,2
g165_00045_18,france,0
g13_00033_12,slovenia,0
g11_00010_7,lithuania,0
g165_00096_2,france,0
g14-1_00022_7,finland,1
g16_00010_13,netherlands,0
g212_00090_14,france,0
g21_00030_17,slovakia,2
g26_00056_4,latvia,0
g2_00009_0,germany,0
g10-3_00080_13,croatia,0
g21_00016_9,slovakia,2
g50_0000001024-0000001024,vietnam,0
g15_00136_11,estonia,0
g8_00138_13,lithuania,0
g82_00005_15,austria,0
g15-1_00142_18,finland,0
g165_00061_5,france,0
g2_00001_11,south_africa,2
g10_00108_5,estonia,1
g77_00044_0,austria,0
g11_00024_14,lithuania,0
g25_00056_1,latvia,0
g15_00045_14,estonia,1
g2_00056_5,slovakia,0
g78_00038_15,austria,0
g79_00014_1,austria,0
g7_00002_14,spain,1
g25_00010_16,latvia,2
g10_00116_6,estonia,1
g1_00016_1,spain,0
g15_00146_18,estonia,0
g11_00094_13,lithuania,0
g95_00046_13,austria,0
g14-1_00116_2,finland,0
g23_00094_12,netherlands,0
g13_00022_16,slovenia,0
g0_00043_2,luxembourg,0
g15-1_00062_6,finland,0
g8_00016_6,lithuania,1
g2_0000017920-0000003584,brazil,2
g15-1_00100_13,finland,1
g6-0_00107_5,sweden,0
g15-1_00003_7,finland,0
g13-5_00034_5,sweden,2
g3_00013_18,south_africa,2
g78_00019_4,austria,0
g165_00056_2,france,0
g212_00041_18,france,0
g15_00114_9,estonia,0
g16_00086_7,netherlands,0
g212_00037_6,france,0
g78_00031_15,austria,0
g6-0_00102_3,sweden,2
g25_00024_17,latvia,1
g11_00121_10,lithuania,0
g1_00003_15,south_africa,0
g11_00140_3,lithuania,0
g212_00018_10,france,0
g10-3_00081_6,croatia,0
g26_00025_13,latvia,0
g1_0000001024-0000001536,portugal,0
g94_00027_16,austria,0
g16_00016_7,netherlands,0
g13_00034_6,slovenia,1
g212_00010_12,france,0
g15_00089_7,estonia,1
g8_00083_6,lithuania,0
g11_00090_7,lithuania,0
g10-3_00022_10,croatia,0
g2_00028_0,belgium,0
g8_00032_8,lithuania,0
g2_00001_12,south_africa,2
g6-0_00051_3,sweden,1
g11_00061_3,lithuania,0
g14-2_00032_9,croatia,0
g94_00034_9,austria,0
g22_00059_9,denmark,2
g10-3_00045_14,croatia,0
g4_00021_2,spain,0
g4_00038_6,spain,0
g13-5_00022_12,sweden,1
g21_00092_9,slovakia,2
g25_00007_18,latvia,2
g212_00028_14,france,0
g7_00032_15,spain,0
g15_00112_11,estonia,0
g15_00160_1,estonia,0
g212_00010_18,france,0
g6_00021_16,denmark,2
g2_0000025088-0000010240,brazil,2
g26_00013_0,latvia,1
g78_00038_12,austria,0
g83_00003_11,austria,0
g23_00056_13,netherlands,0
g6_00068_1,denmark,2
g2_0463,india,1
g165_00004_1,france,0
g83_00010_16,austria,0
g0_00018_16,luxembourg,0
g6-0_00006_12,sweden,0
g22_00053_5,denmark,2
g6_00012_6,slovenia,0
g44_0000000000-0000001024,vietnam,0
g13-5_00115_3,sweden,1
g14-2_00041_14,croatia,2
g6_00062_12,denmark,2
g14-1_00079_9,finland,0
g15-1_00129_7,finland,1
g52_0000000000-0000000512,vietnam,0
g15-1_00143_16,finland,1
g6_00014_15,slovenia,1
g6_00046_7,denmark,2
g13-5_00037_1,sweden,1
g23_00046_8,netherlands,1
g26_00036_11,latvia,1
g0_00029_4,luxembourg,0
g31_00033_17,latvia,0
g2_0000027136-0000009728,brazil,2
g83_00015_6,austria,0
g0_1033,india,1
g2_0000001024-0000009728,brazil,2
g82_00027_3,austria,1
g14-1_00052_16,finland,0
g25_00002_18,latvia,0
g21_00052_1,slovakia,2
g95_00019_10,austria,0
g2_00023_1,belgium,0
g15-1_00155_8,finland,1
g212_00080_3,france,0
g15-1_00054_16,finland,1
g1_0000000512-0000001536,portugal,0
g23_00046_0,netherlands,0
g13-5_00116_9,sweden,1
g21_00098_5,slovakia,2
g23_00039_1,netherlands,0
g4_00032_2,spain,0
g13-5_00131_1,sweden,0
g21_00110_11,slovakia,2
g23_00076_9,netherlands,0
g21_00046_12,slovakia,0
g2_00057_18,belgium,0
g2_0000008704-0000008192,brazil,2
g2_0000012800-0000007168,brazil,2
g22_00044_4,denmark,2
g53_0000001024-0000001024,vietnam,0
g2_00039_10,belgium,0
g6_00037_14,denmark,2
g10-3_00050_18,croatia,0
g1_00018_4,germany,0
g2_0000003584-0000003584,brazil,2
g6_00030_13,denmark,2
g15_00179_8,estonia,1
g14-1_00132_4,finland,0
g15-1_00071_14,finland,0
g50_00056_16,latvia,1
g8_00049_2,lithuania,0
g13-5_00129_3,sweden,1
g2_00005_10,germany,1
g22_00010_0,denmark,2
g19_00023_15,latvia,1
g15_00049_6,estonia,1
g10_00087_16,estonia,0
g11_00007_16,lithuania,2
g2_0000004096-0000011264,brazil,2
g13-5_00027_8,sweden,1
g7_00030_10,spain,0
g31_00003_0,latvia,0
g3_00025_13,spain,0
g2_00097_5,slovakia,2
g14-1_00042_7,finland,0
g2_00070_17,slovakia,2
g13_00050_16,slovenia,0
g14-2_00084_15,croatia,0
g6_00044_8,slovenia,1
g21_00079_17,slovakia,2
g11_00092_4,lithuania,0
g26_00055_4,latvia,2
g14-2_00046_16,croatia,0
g0_00015_0,luxembourg,0
g2_0518,india,1
g15-1_00026_14,finland,0
g78_00029_2,austria,0
g22_00024_10,denmark,2
g2_00037_4,slovakia,2
g22_00065_11,denmark,2
g2_00055_13,slovakia,0
g212_00073_11,france,1
g3_00008_4,south_africa,0
g1_00007_11,germany,0
g23_00087_14,netherlands,0
g23_00044_4,netherlands,1
g16_00068_17,netherlands,0
g0_0000001024-0000001024,portugal,0
g3_0000013312-0000002048,brazil,2
g212_00072_0,france,0
g14-2_00045_14,croatia,1
g26_00048_17,latvia,0
g13-5_00109_0,sweden,1
g2_00015_14,belgium,0
g14-2_00071_8,croatia,0
g2_00014_17,germany,0
g25_00058_14,latvia,0
g212_00064_6,france,0
1592597,rwanda,0
g1_00014_15,germany,1
g10-3_00088_4,croatia,0
g47_0000001024-0000000512,vietnam,0
